{"cameraMode":{"drawMode":0,"name":"Shaded","section":"Shading Mode"},"sceneLighting":false,"audioPlay":false,"sceneViewState":{"m_AlwaysRefresh":false,"showFog":true,"showSkybox":false,"showFlares":true,"showImageEffects":true,"showParticleSystems":true,"showVisualEffectGraphs":true,"m_FxEnabled":true},"in2DMode":false,"pivot":{"x":0.004191994667053223,"y":0.002385989297181368,"z":-0.0000326596200466156},"rotation":{"x":0.011636889539659024,"y":-0.9667460322380066,"z":0.04510732367634773,"w":0.2516917288303375},"size":0.007917815819382668,"orthographic":false}