{"cameraMode":{"drawMode":0,"name":"Shaded","section":"Shading Mode"},"sceneLighting":true,"audioPlay":false,"sceneViewState":{"m_AlwaysRefresh":false,"showFog":true,"showSkybox":true,"showFlares":true,"showImageEffects":true,"showParticleSystems":true,"showVisualEffectGraphs":true,"m_FxEnabled":true},"in2DMode":false,"pivot":{"x":-18.639734268188478,"y":26.683691024780275,"z":-30.803325653076173},"rotation":{"x":0.04338083043694496,"y":-0.9027933478355408,"z":0.0938771590590477,"w":0.41754060983657839},"size":2.0101704597473146,"orthographic":false}